{
  "train_loss": [
    1.4296043589548157,
    0.8582475661883643,
    0.7925773259934329,
    0.7351552416250533,
    0.712439968149476,
    0.6833905540705597,
    0.6675057162949849,
    0.6628337215107779,
    0.6522831851161369,
    0.6499265815375236
  ],
  "train_acc": [
    0.675419401896426,
    0.8718088986141502,
    0.8940554339897885,
    0.9215900802334063,
    0.925419401896426,
    0.9423778264040846,
    0.9478482859226842,
    0.9491247264770241,
    0.9555069292487236,
    0.9538657913931436
  ],
  "val_loss": [
    0.8546146647321863,
    0.7602203990007775,
    0.7283242084413679,
    0.7087992366807552,
    0.703467720414886,
    0.7004536554610624,
    0.6895128719268306,
    0.6932270477943756,
    0.6951330536621407,
    0.6942467378381411
  ],
  "val_acc": [
    0.873900293255132,
    0.9002932551319648,
    0.9090909090909091,
    0.9252199413489736,
    0.9252199413489736,
    0.9281524926686217,
    0.9296187683284457,
    0.9296187683284457,
    0.9266862170087976,
    0.9281524926686217
  ]
}